Ngày đăng,Chuyên mục,Tiêu đề,Từ khoá mục tiêu,Slug
2026-07-28,Chi phí,Chi Phí Xây Nhà Phố Trọn Gói 2026: Bảng Giá Chi Tiết Theo M2,chi phí xây nhà phố trọn gói,chi-phi-xay-nha-pho-tron-goi-2026-bang-gia-chi-tiet-theo-m2
2026-07-31,Quy trình,Quy Trình Xây Nhà Trọn Gói Chuẩn 6 Bước Tại TK.HOUSE,quy trình xây nhà trọn gói,quy-trinh-xay-nha-tron-goi-chuan-6-buoc-tai-tk-house
2026-08-02,Pháp lý,Thủ Tục Xin Giấy Phép Xây Dựng Nhà Ở Tại TP.HCM Mới Nhất,thủ tục xin giấy phép xây dựng TPHCM,thu-tuc-xin-giay-phep-xay-dung-nha-o-tai-tp-hcm-moi-nhat
2026-08-05,Phong cách,Phong Cách Kiến Trúc Hiện Đại: Đặc Trưng Và Cách Áp Dụng Cho Nhà Phố,kiến trúc hiện đại nhà phố,phong-cach-kien-truc-hien-dai-dac-trung-va-cach-ap-dung-cho-nha-pho
2026-08-07,Loại hình nhà,Thiết Kế Nhà Phố 1 Trệt 1 Lửng: Giải Pháp Cho Lô Đất Nhỏ,nhà phố 1 trệt 1 lửng,thiet-ke-nha-pho-1-tret-1-lung-giai-phap-cho-lo-dat-nho
2026-08-10,Nội thất,Thiết Kế Phòng Khách Hiện Đại: Trái Tim Của Ngôi Nhà,thiết kế phòng khách hiện đại,thiet-ke-phong-khach-hien-dai-trai-tim-cua-ngoi-nha
2026-08-12,Vật liệu,Vật Liệu Ốp Lát Ngoại Thất Phổ Biến: Ưu Nhược Điểm Từng Loại,vật liệu ốp lát ngoại thất,vat-lieu-op-lat-ngoai-that-pho-bien-uu-nhuoc-diem-tung-loai
2026-08-15,Tư vấn,Nên Thuê Kiến Trúc Sư Thiết Kế Riêng Hay Dùng Mẫu Nhà Có Sẵn?,thuê kiến trúc sư riêng hay mẫu nhà có sẵn,nen-thue-kien-truc-su-thiet-ke-rieng-hay-dung-mau-nha-co-san
2026-08-17,Chi phí,Chi Phí Thiết Kế Kiến Trúc: Tính Theo M2 Hay Theo % Giá Trị Công Trình?,chi phí thiết kế kiến trúc,chi-phi-thiet-ke-kien-truc-tinh-theo-m2-hay-theo-gia-tri-cong-trinh
2026-08-20,Quy trình,10 Kinh Nghiệm Xây Nhà Lần Đầu Ai Cũng Nên Biết,kinh nghiệm xây nhà lần đầu,10-kinh-nghiem-xay-nha-lan-dau-ai-cung-nen-biet
2026-08-22,Pháp lý,Xây Nhà Không Phép Bị Xử Lý Thế Nào? Mức Phạt Theo Quy Định 2026,xây nhà không phép bị phạt,xay-nha-khong-phep-bi-xu-ly-the-nao-muc-phat-theo-quy-dinh-2026
2026-08-25,Phong cách,Thiết Kế Tân Cổ Điển: Vẻ Đẹp Sang Trọng Vượt Thời Gian,thiết kế nhà tân cổ điển,thiet-ke-tan-co-dien-ve-dep-sang-trong-vuot-thoi-gian
2026-08-27,Loại hình nhà,Nhà Ống 4x20m: Bài Toán Ánh Sáng Và Thông Gió,nhà ống 4x20m,nha-ong-4x20m-bai-toan-anh-sang-va-thong-gio
2026-08-30,Nội thất,Bố Trí Bếp Mở Thông Phòng Ăn: Xu Hướng Được Ưa Chuộng,bếp mở thông phòng ăn,bo-tri-bep-mo-thong-phong-an-xu-huong-duoc-ua-chuong
2026-09-01,Vật liệu,"Chọn Sơn Nhà Đúng Cách: Bền Màu, Chống Thấm, An Toàn",chọn sơn nhà đúng cách,chon-son-nha-dung-cach-ben-mau-chong-tham-an-toan
2026-09-04,Tư vấn,Thiết Kế Trọn Gói Và Thi Công Trọn Gói: Chọn 1 Đơn Vị Hay 2 Đơn Vị Riêng?,thiết kế và thi công 1 đơn vị hay 2,thiet-ke-tron-goi-va-thi-cong-tron-goi-chon-1-don-vi-hay-2-don-vi-rieng
2026-09-06,Chi phí,Xây Nhà 100M2 Hết Bao Nhiêu Tiền? Dự Toán Chi Tiết Từ A-Z,xây nhà 100m2 hết bao nhiêu tiền,xay-nha-100m2-het-bao-nhieu-tien-du-toan-chi-tiet-tu-a-z
2026-09-09,Quy trình,Nên Chọn Kiến Trúc Sư Trước Hay Nhà Thầu Thi Công Trước?,chọn kiến trúc sư hay nhà thầu trước,nen-chon-kien-truc-su-truoc-hay-nha-thau-thi-cong-truoc
2026-09-11,Pháp lý,Hồ Sơ Hoàn Công Nhà Ở: Cần Chuẩn Bị Những Gì?,hồ sơ hoàn công nhà ở,ho-so-hoan-cong-nha-o-can-chuan-bi-nhung-gi
2026-09-14,Phong cách,Phong Cách Indochine: Hoài Niệm Đông Dương Trong Không Gian Sống Hiện Đại,phong cách indochine,phong-cach-indochine-hoai-niem-dong-duong-trong-khong-gian-song-hien-dai
2026-09-16,Loại hình nhà,Thiết Kế Biệt Thự Vườn: Không Gian Sống Nghỉ Dưỡng Ngay Tại Nhà,thiết kế biệt thự vườn,thiet-ke-biet-thu-vuon-khong-gian-song-nghi-duong-ngay-tai-nha
2026-09-19,Nội thất,Thiết Kế Phòng Ngủ Master: Không Gian Nghỉ Ngơi Đúng Nghĩa,thiết kế phòng ngủ master,thiet-ke-phong-ngu-master-khong-gian-nghi-ngoi-dung-nghia
2026-09-21,Vật liệu,Cửa Gỗ Tự Nhiên Hay Cửa Nhựa Giả Gỗ: Nên Chọn Loại Nào?,cửa gỗ tự nhiên hay nhựa giả gỗ,cua-go-tu-nhien-hay-cua-nhua-gia-go-nen-chon-loai-nao
2026-09-24,Tư vấn,Phong Thuỷ Nhà Ở: Những Nguyên Tắc Cơ Bản Khi Thiết Kế,phong thuỷ nhà ở,phong-thuy-nha-o-nhung-nguyen-tac-co-ban-khi-thiet-ke
2026-09-26,Chi phí,"Các Gói Thiết Kế Nội Thất: Tiết Kiệm, Tiêu Chuẩn, Cao Cấp Khác Nhau Thế Nào?",gói thiết kế nội thất,cac-goi-thiet-ke-noi-that-tiet-kiem-tieu-chuan-cao-cap-khac-nhau-the-nao
2026-09-29,Quy trình,Xây Một Căn Nhà Phố 4 Tầng Mất Bao Lâu?,thời gian xây nhà phố 4 tầng,xay-mot-can-nha-pho-4-tang-mat-bao-lau
2026-10-01,Pháp lý,Điều Kiện Được Cấp Phép Xây Dựng Nhà Ở Riêng Lẻ,điều kiện cấp phép xây dựng,dieu-kien-duoc-cap-phep-xay-dung-nha-o-rieng-le
2026-10-04,Phong cách,Nhà Phố Phong Cách Tối Giản (Minimalism): Ít Mà Chất,nhà phố phong cách tối giản,nha-pho-phong-cach-toi-gian-minimalism-it-ma-chat
2026-10-06,Loại hình nhà,Nhà Cấp 4 Hiện Đại: Đơn Giản Nhưng Không Đơn Điệu,nhà cấp 4 hiện đại,nha-cap-4-hien-dai-don-gian-nhung-khong-don-dieu
2026-10-09,Nội thất,Phòng Tắm Nhỏ Vẫn Sang: Bí Quyết Tối Ưu Không Gian,thiết kế phòng tắm nhỏ,phong-tam-nho-van-sang-bi-quyet-toi-uu-khong-gian
2026-10-11,Vật liệu,"Chống Thấm Sân Thượng, Mái Nhà: Giải Pháp Bền Vững",chống thấm sân thượng mái nhà,chong-tham-san-thuong-mai-nha-giai-phap-ben-vung
2026-10-14,Chi phí,Bảng Giá Thi Công Phần Thô 2026: Cập Nhật Đơn Giá Vật Tư Mới Nhất,giá thi công phần thô,bang-gia-thi-cong-phan-tho-2026-cap-nhat-don-gia-vat-tu-moi-nhat
2026-10-16,Quy trình,Checklist Chuẩn Bị Trước Khi Khởi Công Xây Nhà,chuẩn bị trước khi khởi công xây nhà,checklist-chuan-bi-truoc-khi-khoi-cong-xay-nha
2026-10-19,Pháp lý,Chữ Ký Kiến Trúc Sư Trên Bản Vẽ Có Giá Trị Pháp Lý Gì?,chữ ký kiến trúc sư có giá trị gì,chu-ky-kien-truc-su-tren-ban-ve-co-gia-tri-phap-ly-gi
2026-10-21,Phong cách,Thiết Kế Biệt Thự Phong Cách Địa Trung Hải Cho Khí Hậu Nhiệt Đới,biệt thự phong cách địa trung hải,thiet-ke-biet-thu-phong-cach-dia-trung-hai-cho-khi-hau-nhiet-doi
2026-10-24,Loại hình nhà,Nhà Phố 2 Mặt Tiền: Lợi Thế Và Lưu Ý Khi Thiết Kế,nhà phố 2 mặt tiền,nha-pho-2-mat-tien-loi-the-va-luu-y-khi-thiet-ke
2026-10-26,Nội thất,Ban Công Sân Thượng Xanh: Lá Phổi Cho Ngôi Nhà Phố,ban công sân thượng xanh,ban-cong-san-thuong-xanh-la-phoi-cho-ngoi-nha-pho
2026-10-29,Vật liệu,Lam Gạch Bông Gió Trong Kiến Trúc: Vừa Đẹp Vừa Hiệu Quả,gạch bông gió trong kiến trúc,lam-gach-bong-gio-trong-kien-truc-vua-dep-vua-hieu-qua
2026-10-31,Chi phí,Chi Phí Cải Tạo Sửa Nhà Cũ: Những Khoản Dễ Bị Đội Giá Cần Biết,chi phí sửa nhà cũ,chi-phi-cai-tao-sua-nha-cu-nhung-khoan-de-bi-doi-gia-can-biet
2026-11-03,Quy trình,Cách Giám Sát Thi Công Khi Không Có Chuyên Môn Xây Dựng,giám sát thi công xây nhà,cach-giam-sat-thi-cong-khi-khong-co-chuyen-mon-xay-dung
2026-11-05,Pháp lý,"Quy Định Về Khoảng Lùi, Chiều Cao Xây Dựng Nhà Phố Cần Biết",quy định khoảng lùi xây dựng nhà phố,quy-dinh-ve-khoang-lui-chieu-cao-xay-dung-nha-pho-can-biet
2026-11-08,Phong cách,Phong Cách Bắc Âu (Scandinavian) Trong Thiết Kế Nội Thất Việt,phong cách bắc âu nội thất,phong-cach-bac-au-scandinavian-trong-thiet-ke-noi-that-viet
2026-11-10,Loại hình nhà,Biệt Thự Tân Cổ Điển: Đẳng Cấp Trong Từng Chi Tiết,biệt thự tân cổ điển,biet-thu-tan-co-dien-dang-cap-trong-tung-chi-tiet
2026-11-13,Nội thất,Cầu Thang Nhà Phố: Vừa Công Năng Vừa Là Điểm Nhấn Thẩm Mỹ,thiết kế cầu thang nhà phố,cau-thang-nha-pho-vua-cong-nang-vua-la-diem-nhan-tham-my
2026-11-15,Vật liệu,"Vật Liệu Xanh, Bền Vững Trong Xây Dựng Nhà Ở Hiện Đại",vật liệu xanh bền vững xây dựng,vat-lieu-xanh-ben-vung-trong-xay-dung-nha-o-hien-dai
2026-11-18,Chi phí,Xây Biệt Thự Sân Vườn Cần Bao Nhiêu Vốn? Dự Trù Chi Phí Thực Tế,chi phí xây biệt thự sân vườn,xay-biet-thu-san-vuon-can-bao-nhieu-von-du-tru-chi-phi-thuc-te
2026-11-20,Quy trình,Những Sai Lầm Thường Gặp Khi Xây Nhà Khiến Chi Phí Đội Lên,sai lầm khi xây nhà,nhung-sai-lam-thuong-gap-khi-xay-nha-khien-chi-phi-doi-len
2026-11-23,Phong cách,Kiến Trúc Nhiệt Đới (Tropical): Giải Pháp Sống Xanh Giữa Lòng Thành Phố,kiến trúc nhiệt đới tropical,kien-truc-nhiet-doi-tropical-giai-phap-song-xanh-giua-long-thanh-pho
2026-11-25,Loại hình nhà,Thiết Kế Nhà 3 Tầng Cho Gia Đình Nhiều Thế Hệ,thiết kế nhà 3 tầng,thiet-ke-nha-3-tang-cho-gia-dinh-nhieu-the-he
2026-11-28,Nội thất,Thiết Kế Phòng Làm Việc Tại Nhà (Home Office) Tiện Nghi,thiết kế home office,thiet-ke-phong-lam-viec-tai-nha-home-office-tien-nghi
2026-11-30,Chi phí,5 Khoản Chi Phí Ẩn Khi Xây Nhà Ít Ai Ngờ Tới,chi phí ẩn khi xây nhà,5-khoan-chi-phi-an-khi-xay-nha-it-ai-ngo-toi
2026-12-03,Quy trình,Hợp Đồng Xây Dựng Cần Lưu Ý Những Điều Khoản Nào?,hợp đồng xây dựng nhà ở,hop-dong-xay-dung-can-luu-y-nhung-dieu-khoan-nao
2026-12-05,Phong cách,Phong Cách Nhật Bản (Zen) Mang Lại Sự Tĩnh Tại Cho Không Gian Sống,phong cách nhật bản zen,phong-cach-nhat-ban-zen-mang-lai-su-tinh-tai-cho-khong-gian-song
2026-12-08,Loại hình nhà,Nhà Phố Có Sân Vườn: Mang Thiên Nhiên Vào Không Gian Đô Thị,nhà phố có sân vườn,nha-pho-co-san-vuon-mang-thien-nhien-vao-khong-gian-do-thi
2026-12-10,Nội thất,Ánh Sáng Trong Thiết Kế Nội Thất: Yếu Tố Quyết Định Cảm Xúc Không Gian,ánh sáng thiết kế nội thất,anh-sang-trong-thiet-ke-noi-that-yeu-to-quyet-dinh-cam-xuc-khong-gian
2026-12-13,Chi phí,So Sánh Chi Phí: Xây Nhà Trọn Gói Và Tự Thuê Nhân Công Từng Phần,xây nhà trọn gói hay tự thuê nhân công,so-sanh-chi-phi-xay-nha-tron-goi-va-tu-thue-nhan-cong-tung-phan
2026-12-15,Phong cách,Thiết Kế Industrial: Nét Cá Tính Từ Vật Liệu Thô Mộc,thiết kế industrial,thiet-ke-industrial-net-ca-tinh-tu-vat-lieu-tho-moc
2026-12-18,Loại hình nhà,Thiết Kế Nhà Ở Kết Hợp Kinh Doanh Mặt Tiền,nhà ở kết hợp kinh doanh,thiet-ke-nha-o-ket-hop-kinh-doanh-mat-tien
2026-12-20,Chi phí,Chi Phí Xin Giấy Phép Xây Dựng Và Các Loại Phí Pháp Lý Liên Quan,chi phí xin giấy phép xây dựng,chi-phi-xin-giay-phep-xay-dung-va-cac-loai-phi-phap-ly-lien-quan
2026-12-23,Phong cách,Phong Cách Wabi-Sabi: Vẻ Đẹp Không Hoàn Hảo Đang Lên Ngôi,phong cách wabi sabi,phong-cach-wabi-sabi-ve-dep-khong-hoan-hao-dang-len-ngoi
2026-12-25,Loại hình nhà,"Biệt Thự Song Lập, Biệt Thự Đơn Lập: Nên Chọn Loại Nào?",biệt thự song lập đơn lập,biet-thu-song-lap-biet-thu-don-lap-nen-chon-loai-nao
2026-12-28,Phong cách,Nhà Phố Mặt Tiền Đẹp: Bí Quyết Tạo Điểm Nhấn Kiến Trúc,nhà phố mặt tiền đẹp,nha-pho-mat-tien-dep-bi-quyet-tao-diem-nhan-kien-truc
2026-12-30,Phong cách,Xu Hướng Thiết Kế Nhà Ở 2026-2027 Tại Việt Nam,xu hướng thiết kế nhà ở 2027,xu-huong-thiet-ke-nha-o-2026-2027-tai-viet-nam
